X--Trace 1::[V(vi)],Y--Trace 1::[V(vi)],,X--Trace 2::[V(vo)],Y--Trace 2::[V(vo)],,,,
0.01,0.01,,0.01,1.00032,,0.000320,MAX,0.00032
0.01002,0.01002,,0.01002,1.00232,,0.000320,MIN,0.00026
0.01004,0.01004,,0.01004,1.00432,,0.000320,,
0.01006,0.01006,,0.01006,1.00632,,0.000320,,
0.01008,0.01008,,0.01008,1.00832,,0.000320,,
0.0101,0.0101,,0.0101,1.01032,,0.000320,,
0.01012,0.01012,,0.01012,1.01232,,0.000320,,
0.01014,0.01014,,0.01014,1.01432,,0.000320,,
0.01016,0.01016,,0.01016,1.01632,,0.000320,,
0.01018,0.01018,,0.01018,1.01832,,0.000320,,
0.0102,0.0102,,0.0102,1.02032,,0.000320,,
0.01022,0.01022,,0.01022,1.02232,,0.000320,,
0.01024,0.01024,,0.01024,1.02432,,0.000320,,
0.01026,0.01026,,0.01026,1.02632,,0.000320,,
0.01028,0.01028,,0.01028,1.02832,,0.000320,,
0.0103,0.0103,,0.0103,1.03032,,0.000320,,
0.01032,0.01032,,0.01032,1.03232,,0.000320,,
0.01034,0.01034,,0.01034,1.03432,,0.000320,,
0.01036,0.01036,,0.01036,1.03632,,0.000320,,
0.01038,0.01038,,0.01038,1.03832,,0.000320,,
0.0104,0.0104,,0.0104,1.04032,,0.000320,,
0.01042,0.01042,,0.01042,1.04232,,0.000320,,
0.01044,0.01044,,0.01044,1.04432,,0.000320,,
0.01046,0.01046,,0.01046,1.04632,,0.000320,,
0.01048,0.01048,,0.01048,1.04832,,0.000320,,
0.0105,0.0105,,0.0105,1.05032,,0.000320,,
0.01052,0.01052,,0.01052,1.05232,,0.000320,,
0.01054,0.01054,,0.01054,1.05432,,0.000320,,
0.01056,0.01056,,0.01056,1.05632,,0.000320,,
0.01058,0.01058,,0.01058,1.05831,,0.000310,,
0.0106,0.0106,,0.0106,1.06031,,0.000310,,
0.01062,0.01062,,0.01062,1.06231,,0.000310,,
0.01064,0.01064,,0.01064,1.06431,,0.000310,,
0.01066,0.01066,,0.01066,1.06631,,0.000310,,
0.01068,0.01068,,0.01068,1.06831,,0.000310,,
0.0107,0.0107,,0.0107,1.07031,,0.000310,,
0.01072,0.01072,,0.01072,1.07231,,0.000310,,
0.01074,0.01074,,0.01074,1.07431,,0.000310,,
0.01076,0.01076,,0.01076,1.07631,,0.000310,,
0.01078,0.01078,,0.01078,1.07831,,0.000310,,
0.0108,0.0108,,0.0108,1.08031,,0.000310,,
0.01082,0.01082,,0.01082,1.08231,,0.000310,,
0.01084,0.01084,,0.01084,1.08431,,0.000310,,
0.01086,0.01086,,0.01086,1.08631,,0.000310,,
0.01088,0.01088,,0.01088,1.08831,,0.000310,,
0.0109,0.0109,,0.0109,1.09031,,0.000310,,
0.01092,0.01092,,0.01092,1.09231,,0.000310,,
0.01094,0.01094,,0.01094,1.09431,,0.000310,,
0.01096,0.01096,,0.01096,1.09631,,0.000310,,
0.01098,0.01098,,0.01098,1.09831,,0.000310,,
0.011,0.011,,0.011,1.10031,,0.000310,,
0.01102,0.01102,,0.01102,1.10231,,0.000310,,
0.01104,0.01104,,0.01104,1.10431,,0.000310,,
0.01106,0.01106,,0.01106,1.10631,,0.000310,,
0.01108,0.01108,,0.01108,1.10831,,0.000310,,
0.0111,0.0111,,0.0111,1.11031,,0.000310,,
0.01112,0.01112,,0.01112,1.11231,,0.000310,,
0.01114,0.01114,,0.01114,1.11431,,0.000310,,
0.01116,0.01116,,0.01116,1.11631,,0.000310,,
0.01118,0.01118,,0.01118,1.11831,,0.000310,,
0.0112,0.0112,,0.0112,1.12031,,0.000310,,
0.01122,0.01122,,0.01122,1.12231,,0.000310,,
0.01124,0.01124,,0.01124,1.12431,,0.000310,,
0.01126,0.01126,,0.01126,1.12631,,0.000310,,
0.01128,0.01128,,0.01128,1.12831,,0.000310,,
0.0113,0.0113,,0.0113,1.13031,,0.000310,,
0.01132,0.01132,,0.01132,1.13231,,0.000310,,
0.01134,0.01134,,0.01134,1.13431,,0.000310,,
0.01136,0.01136,,0.01136,1.13631,,0.000310,,
0.01138,0.01138,,0.01138,1.13831,,0.000310,,
0.0114,0.0114,,0.0114,1.14031,,0.000310,,
0.01142,0.01142,,0.01142,1.14231,,0.000310,,
0.01144,0.01144,,0.01144,1.14431,,0.000310,,
0.01146,0.01146,,0.01146,1.14631,,0.000310,,
0.01148,0.01148,,0.01148,1.14831,,0.000310,,
0.0115,0.0115,,0.0115,1.15031,,0.000310,,
0.01152,0.01152,,0.01152,1.15231,,0.000310,,
0.01154,0.01154,,0.01154,1.15431,,0.000310,,
0.01156,0.01156,,0.01156,1.15631,,0.000310,,
0.01158,0.01158,,0.01158,1.15831,,0.000310,,
0.0116,0.0116,,0.0116,1.16031,,0.000310,,
0.01162,0.01162,,0.01162,1.16231,,0.000310,,
0.01164,0.01164,,0.01164,1.16431,,0.000310,,
0.01166,0.01166,,0.01166,1.16631,,0.000310,,
0.01168,0.01168,,0.01168,1.16831,,0.000310,,
0.0117,0.0117,,0.0117,1.17031,,0.000310,,
0.01172,0.01172,,0.01172,1.17231,,0.000310,,
0.01174,0.01174,,0.01174,1.17431,,0.000310,,
0.01176,0.01176,,0.01176,1.17631,,0.000310,,
0.01178,0.01178,,0.01178,1.17831,,0.000310,,
0.0118,0.0118,,0.0118,1.18031,,0.000310,,
0.01182,0.01182,,0.01182,1.18231,,0.000310,,
0.01184,0.01184,,0.01184,1.18431,,0.000310,,
0.01186,0.01186,,0.01186,1.18631,,0.000310,,
0.01188,0.01188,,0.01188,1.18831,,0.000310,,
0.0119,0.0119,,0.0119,1.19031,,0.000310,,
0.01192,0.01192,,0.01192,1.19231,,0.000310,,
0.01194,0.01194,,0.01194,1.19431,,0.000310,,
0.01196,0.01196,,0.01196,1.19631,,0.000310,,
0.01198,0.01198,,0.01198,1.19831,,0.000310,,
0.012,0.012,,0.012,1.20031,,0.000310,,
0.01202,0.01202,,0.01202,1.20231,,0.000310,,
0.01204,0.01204,,0.01204,1.20431,,0.000310,,
0.01206,0.01206,,0.01206,1.20631,,0.000310,,
0.01208,0.01208,,0.01208,1.20831,,0.000310,,
0.0121,0.0121,,0.0121,1.21031,,0.000310,,
0.01212,0.01212,,0.01212,1.21231,,0.000310,,
0.01214,0.01214,,0.01214,1.21431,,0.000310,,
0.01216,0.01216,,0.01216,1.21631,,0.000310,,
0.01218,0.01218,,0.01218,1.21831,,0.000310,,
0.0122,0.0122,,0.0122,1.22031,,0.000310,,
0.01222,0.01222,,0.01222,1.22231,,0.000310,,
0.01224,0.01224,,0.01224,1.22431,,0.000310,,
0.01226,0.01226,,0.01226,1.22631,,0.000310,,
0.01228,0.01228,,0.01228,1.22831,,0.000310,,
0.0123,0.0123,,0.0123,1.23031,,0.000310,,
0.01232,0.01232,,0.01232,1.23231,,0.000310,,
0.01234,0.01234,,0.01234,1.23431,,0.000310,,
0.01236,0.01236,,0.01236,1.23631,,0.000310,,
0.01238,0.01238,,0.01238,1.23831,,0.000310,,
0.0124,0.0124,,0.0124,1.24031,,0.000310,,
0.01242,0.01242,,0.01242,1.24231,,0.000310,,
0.01244,0.01244,,0.01244,1.24431,,0.000310,,
0.01246,0.01246,,0.01246,1.24631,,0.000310,,
0.01248,0.01248,,0.01248,1.24831,,0.000310,,
0.0125,0.0125,,0.0125,1.25031,,0.000310,,
0.01252,0.01252,,0.01252,1.25231,,0.000310,,
0.01254,0.01254,,0.01254,1.25431,,0.000310,,
0.01256,0.01256,,0.01256,1.25631,,0.000310,,
0.01258,0.01258,,0.01258,1.25831,,0.000310,,
0.0126,0.0126,,0.0126,1.26031,,0.000310,,
0.01262,0.01262,,0.01262,1.26231,,0.000310,,
0.01264,0.01264,,0.01264,1.26431,,0.000310,,
0.01266,0.01266,,0.01266,1.26631,,0.000310,,
0.01268,0.01268,,0.01268,1.26831,,0.000310,,
0.0127,0.0127,,0.0127,1.27031,,0.000310,,
0.01272,0.01272,,0.01272,1.27231,,0.000310,,
0.01274,0.01274,,0.01274,1.27431,,0.000310,,
0.01276,0.01276,,0.01276,1.27631,,0.000310,,
0.01278,0.01278,,0.01278,1.27831,,0.000310,,
0.0128,0.0128,,0.0128,1.28031,,0.000310,,
0.01282,0.01282,,0.01282,1.28231,,0.000310,,
0.01284,0.01284,,0.01284,1.28431,,0.000310,,
0.01286,0.01286,,0.01286,1.28631,,0.000310,,
0.01288,0.01288,,0.01288,1.28831,,0.000310,,
0.0129,0.0129,,0.0129,1.29031,,0.000310,,
0.01292,0.01292,,0.01292,1.29231,,0.000310,,
0.01294,0.01294,,0.01294,1.29431,,0.000310,,
0.01296,0.01296,,0.01296,1.29631,,0.000310,,
0.01298,0.01298,,0.01298,1.29831,,0.000310,,
0.013,0.013,,0.013,1.30031,,0.000310,,
0.01302,0.01302,,0.01302,1.30231,,0.000310,,
0.01304,0.01304,,0.01304,1.30431,,0.000310,,
0.01306,0.01306,,0.01306,1.30631,,0.000310,,
0.01308,0.01308,,0.01308,1.30831,,0.000310,,
0.0131,0.0131,,0.0131,1.31031,,0.000310,,
0.01312,0.01312,,0.01312,1.31231,,0.000310,,
0.01314,0.01314,,0.01314,1.31431,,0.000310,,
0.01316,0.01316,,0.01316,1.31631,,0.000310,,
0.01318,0.01318,,0.01318,1.31831,,0.000310,,
0.0132,0.0132,,0.0132,1.32031,,0.000310,,
0.01322,0.01322,,0.01322,1.32231,,0.000310,,
0.01324,0.01324,,0.01324,1.32431,,0.000310,,
0.01326,0.01326,,0.01326,1.32631,,0.000310,,
0.01328,0.01328,,0.01328,1.32831,,0.000310,,
0.0133,0.0133,,0.0133,1.33031,,0.000310,,
0.01332,0.01332,,0.01332,1.33231,,0.000310,,
0.01334,0.01334,,0.01334,1.33431,,0.000310,,
0.01336,0.01336,,0.01336,1.33631,,0.000310,,
0.01338,0.01338,,0.01338,1.33831,,0.000310,,
0.0134,0.0134,,0.0134,1.34031,,0.000310,,
0.01342,0.01342,,0.01342,1.34231,,0.000310,,
0.01344,0.01344,,0.01344,1.34431,,0.000310,,
0.01346,0.01346,,0.01346,1.34631,,0.000310,,
0.01348,0.01348,,0.01348,1.34831,,0.000310,,
0.0135,0.0135,,0.0135,1.35031,,0.000310,,
0.01352,0.01352,,0.01352,1.35231,,0.000310,,
0.01354,0.01354,,0.01354,1.35431,,0.000310,,
0.01356,0.01356,,0.01356,1.35631,,0.000310,,
0.01358,0.01358,,0.01358,1.35831,,0.000310,,
0.0136,0.0136,,0.0136,1.36031,,0.000310,,
0.01362,0.01362,,0.01362,1.36231,,0.000310,,
0.01364,0.01364,,0.01364,1.36431,,0.000310,,
0.01366,0.01366,,0.01366,1.36631,,0.000310,,
0.01368,0.01368,,0.01368,1.36831,,0.000310,,
0.0137,0.0137,,0.0137,1.37031,,0.000310,,
0.01372,0.01372,,0.01372,1.37231,,0.000310,,
0.01374,0.01374,,0.01374,1.37431,,0.000310,,
0.01376,0.01376,,0.01376,1.37631,,0.000310,,
0.01378,0.01378,,0.01378,1.37831,,0.000310,,
0.0138,0.0138,,0.0138,1.38031,,0.000310,,
0.01382,0.01382,,0.01382,1.38231,,0.000310,,
0.01384,0.01384,,0.01384,1.38431,,0.000310,,
0.01386,0.01386,,0.01386,1.38631,,0.000310,,
0.01388,0.01388,,0.01388,1.38831,,0.000310,,
0.0139,0.0139,,0.0139,1.39031,,0.000310,,
0.01392,0.01392,,0.01392,1.39231,,0.000310,,
0.01394,0.01394,,0.01394,1.39431,,0.000310,,
0.01396,0.01396,,0.01396,1.39631,,0.000310,,
0.01398,0.01398,,0.01398,1.39831,,0.000310,,
0.014,0.014,,0.014,1.40031,,0.000310,,
0.01402,0.01402,,0.01402,1.40231,,0.000310,,
0.01404,0.01404,,0.01404,1.40431,,0.000310,,
0.01406,0.01406,,0.01406,1.40631,,0.000310,,
0.01408,0.01408,,0.01408,1.40831,,0.000310,,
0.0141,0.0141,,0.0141,1.4103,,0.000300,,
0.01412,0.01412,,0.01412,1.4123,,0.000300,,
0.01414,0.01414,,0.01414,1.4143,,0.000300,,
0.01416,0.01416,,0.01416,1.4163,,0.000300,,
0.01418,0.01418,,0.01418,1.4183,,0.000300,,
0.0142,0.0142,,0.0142,1.4203,,0.000300,,
0.01422,0.01422,,0.01422,1.4223,,0.000300,,
0.01424,0.01424,,0.01424,1.4243,,0.000300,,
0.01426,0.01426,,0.01426,1.4263,,0.000300,,
0.01428,0.01428,,0.01428,1.4283,,0.000300,,
0.0143,0.0143,,0.0143,1.4303,,0.000300,,
0.01432,0.01432,,0.01432,1.4323,,0.000300,,
0.01434,0.01434,,0.01434,1.4343,,0.000300,,
0.01436,0.01436,,0.01436,1.4363,,0.000300,,
0.01438,0.01438,,0.01438,1.4383,,0.000300,,
0.0144,0.0144,,0.0144,1.4403,,0.000300,,
0.01442,0.01442,,0.01442,1.4423,,0.000300,,
0.01444,0.01444,,0.01444,1.4443,,0.000300,,
0.01446,0.01446,,0.01446,1.4463,,0.000300,,
0.01448,0.01448,,0.01448,1.4483,,0.000300,,
0.0145,0.0145,,0.0145,1.4503,,0.000300,,
0.01452,0.01452,,0.01452,1.4523,,0.000300,,
0.01454,0.01454,,0.01454,1.4543,,0.000300,,
0.01456,0.01456,,0.01456,1.4563,,0.000300,,
0.01458,0.01458,,0.01458,1.4583,,0.000300,,
0.0146,0.0146,,0.0146,1.4603,,0.000300,,
0.01462,0.01462,,0.01462,1.4623,,0.000300,,
0.01464,0.01464,,0.01464,1.4643,,0.000300,,
0.01466,0.01466,,0.01466,1.4663,,0.000300,,
0.01468,0.01468,,0.01468,1.4683,,0.000300,,
0.0147,0.0147,,0.0147,1.4703,,0.000300,,
0.01472,0.01472,,0.01472,1.4723,,0.000300,,
0.01474,0.01474,,0.01474,1.4743,,0.000300,,
0.01476,0.01476,,0.01476,1.4763,,0.000300,,
0.01478,0.01478,,0.01478,1.4783,,0.000300,,
0.0148,0.0148,,0.0148,1.4803,,0.000300,,
0.01482,0.01482,,0.01482,1.4823,,0.000300,,
0.01484,0.01484,,0.01484,1.4843,,0.000300,,
0.01486,0.01486,,0.01486,1.4863,,0.000300,,
0.01488,0.01488,,0.01488,1.4883,,0.000300,,
0.0149,0.0149,,0.0149,1.4903,,0.000300,,
0.01492,0.01492,,0.01492,1.4923,,0.000300,,
0.01494,0.01494,,0.01494,1.4943,,0.000300,,
0.01496,0.01496,,0.01496,1.4963,,0.000300,,
0.01498,0.01498,,0.01498,1.4983,,0.000300,,
0.015,0.015,,0.015,1.5003,,0.000300,,
0.01502,0.01502,,0.01502,1.5023,,0.000300,,
0.01504,0.01504,,0.01504,1.5043,,0.000300,,
0.01506,0.01506,,0.01506,1.5063,,0.000300,,
0.01508,0.01508,,0.01508,1.5083,,0.000300,,
0.0151,0.0151,,0.0151,1.5103,,0.000300,,
0.01512,0.01512,,0.01512,1.5123,,0.000300,,
0.01514,0.01514,,0.01514,1.5143,,0.000300,,
0.01516,0.01516,,0.01516,1.5163,,0.000300,,
0.01518,0.01518,,0.01518,1.5183,,0.000300,,
0.0152,0.0152,,0.0152,1.5203,,0.000300,,
0.01522,0.01522,,0.01522,1.5223,,0.000300,,
0.01524,0.01524,,0.01524,1.5243,,0.000300,,
0.01526,0.01526,,0.01526,1.5263,,0.000300,,
0.01528,0.01528,,0.01528,1.5283,,0.000300,,
0.0153,0.0153,,0.0153,1.5303,,0.000300,,
0.01532,0.01532,,0.01532,1.5323,,0.000300,,
0.01534,0.01534,,0.01534,1.5343,,0.000300,,
0.01536,0.01536,,0.01536,1.5363,,0.000300,,
0.01538,0.01538,,0.01538,1.5383,,0.000300,,
0.0154,0.0154,,0.0154,1.5403,,0.000300,,
0.01542,0.01542,,0.01542,1.5423,,0.000300,,
0.01544,0.01544,,0.01544,1.5443,,0.000300,,
0.01546,0.01546,,0.01546,1.5463,,0.000300,,
0.01548,0.01548,,0.01548,1.5483,,0.000300,,
0.0155,0.0155,,0.0155,1.5503,,0.000300,,
0.01552,0.01552,,0.01552,1.5523,,0.000300,,
0.01554,0.01554,,0.01554,1.5543,,0.000300,,
0.01556,0.01556,,0.01556,1.5563,,0.000300,,
0.01558,0.01558,,0.01558,1.5583,,0.000300,,
0.0156,0.0156,,0.0156,1.5603,,0.000300,,
0.01562,0.01562,,0.01562,1.5623,,0.000300,,
0.01564,0.01564,,0.01564,1.5643,,0.000300,,
0.01566,0.01566,,0.01566,1.5663,,0.000300,,
0.01568,0.01568,,0.01568,1.5683,,0.000300,,
0.0157,0.0157,,0.0157,1.5703,,0.000300,,
0.01572,0.01572,,0.01572,1.5723,,0.000300,,
0.01574,0.01574,,0.01574,1.5743,,0.000300,,
0.01576,0.01576,,0.01576,1.5763,,0.000300,,
0.01578,0.01578,,0.01578,1.5783,,0.000300,,
0.0158,0.0158,,0.0158,1.5803,,0.000300,,
0.01582,0.01582,,0.01582,1.5823,,0.000300,,
0.01584,0.01584,,0.01584,1.5843,,0.000300,,
0.01586,0.01586,,0.01586,1.5863,,0.000300,,
0.01588,0.01588,,0.01588,1.5883,,0.000300,,
0.0159,0.0159,,0.0159,1.5903,,0.000300,,
0.01592,0.01592,,0.01592,1.5923,,0.000300,,
0.01594,0.01594,,0.01594,1.5943,,0.000300,,
0.01596,0.01596,,0.01596,1.5963,,0.000300,,
0.01598,0.01598,,0.01598,1.5983,,0.000300,,
0.016,0.016,,0.016,1.6003,,0.000300,,
0.01602,0.01602,,0.01602,1.6023,,0.000300,,
0.01604,0.01604,,0.01604,1.6043,,0.000300,,
0.01606,0.01606,,0.01606,1.6063,,0.000300,,
0.01608,0.01608,,0.01608,1.6083,,0.000300,,
0.0161,0.0161,,0.0161,1.6103,,0.000300,,
0.01612,0.01612,,0.01612,1.6123,,0.000300,,
0.01614,0.01614,,0.01614,1.6143,,0.000300,,
0.01616,0.01616,,0.01616,1.6163,,0.000300,,
0.01618,0.01618,,0.01618,1.6183,,0.000300,,
0.0162,0.0162,,0.0162,1.6203,,0.000300,,
0.01622,0.01622,,0.01622,1.6223,,0.000300,,
0.01624,0.01624,,0.01624,1.6243,,0.000300,,
0.01626,0.01626,,0.01626,1.6263,,0.000300,,
0.01628,0.01628,,0.01628,1.6283,,0.000300,,
0.0163,0.0163,,0.0163,1.6303,,0.000300,,
0.01632,0.01632,,0.01632,1.6323,,0.000300,,
0.01634,0.01634,,0.01634,1.6343,,0.000300,,
0.01636,0.01636,,0.01636,1.6363,,0.000300,,
0.01638,0.01638,,0.01638,1.6383,,0.000300,,
0.0164,0.0164,,0.0164,1.6403,,0.000300,,
0.01642,0.01642,,0.01642,1.6423,,0.000300,,
0.01644,0.01644,,0.01644,1.6443,,0.000300,,
0.01646,0.01646,,0.01646,1.6463,,0.000300,,
0.01648,0.01648,,0.01648,1.6483,,0.000300,,
0.0165,0.0165,,0.0165,1.6503,,0.000300,,
0.01652,0.01652,,0.01652,1.6523,,0.000300,,
0.01654,0.01654,,0.01654,1.6543,,0.000300,,
0.01656,0.01656,,0.01656,1.6563,,0.000300,,
0.01658,0.01658,,0.01658,1.6583,,0.000300,,
0.0166,0.0166,,0.0166,1.6603,,0.000300,,
0.01662,0.01662,,0.01662,1.6623,,0.000300,,
0.01664,0.01664,,0.01664,1.6643,,0.000300,,
0.01666,0.01666,,0.01666,1.6663,,0.000300,,
0.01668,0.01668,,0.01668,1.6683,,0.000300,,
0.0167,0.0167,,0.0167,1.6703,,0.000300,,
0.01672,0.01672,,0.01672,1.6723,,0.000300,,
0.01674,0.01674,,0.01674,1.6743,,0.000300,,
0.01676,0.01676,,0.01676,1.6763,,0.000300,,
0.01678,0.01678,,0.01678,1.6783,,0.000300,,
0.0168,0.0168,,0.0168,1.6803,,0.000300,,
0.01682,0.01682,,0.01682,1.6823,,0.000300,,
0.01684,0.01684,,0.01684,1.6843,,0.000300,,
0.01686,0.01686,,0.01686,1.6863,,0.000300,,
0.01688,0.01688,,0.01688,1.6883,,0.000300,,
0.0169,0.0169,,0.0169,1.6903,,0.000300,,
0.01692,0.01692,,0.01692,1.6923,,0.000300,,
0.01694,0.01694,,0.01694,1.6943,,0.000300,,
0.01696,0.01696,,0.01696,1.6963,,0.000300,,
0.01698,0.01698,,0.01698,1.6983,,0.000300,,
0.017,0.017,,0.017,1.7003,,0.000300,,
0.01702,0.01702,,0.01702,1.7023,,0.000300,,
0.01704,0.01704,,0.01704,1.7043,,0.000300,,
0.01706,0.01706,,0.01706,1.7063,,0.000300,,
0.01708,0.01708,,0.01708,1.7083,,0.000300,,
0.0171,0.0171,,0.0171,1.7103,,0.000300,,
0.01712,0.01712,,0.01712,1.7123,,0.000300,,
0.01714,0.01714,,0.01714,1.7143,,0.000300,,
0.01716,0.01716,,0.01716,1.7163,,0.000300,,
0.01718,0.01718,,0.01718,1.7183,,0.000300,,
0.0172,0.0172,,0.0172,1.7203,,0.000300,,
0.01722,0.01722,,0.01722,1.7223,,0.000300,,
0.01724,0.01724,,0.01724,1.7243,,0.000300,,
0.01726,0.01726,,0.01726,1.7263,,0.000300,,
0.01728,0.01728,,0.01728,1.7283,,0.000300,,
0.0173,0.0173,,0.0173,1.7303,,0.000300,,
0.01732,0.01732,,0.01732,1.7323,,0.000300,,
0.01734,0.01734,,0.01734,1.7343,,0.000300,,
0.01736,0.01736,,0.01736,1.7363,,0.000300,,
0.01738,0.01738,,0.01738,1.7383,,0.000300,,
0.0174,0.0174,,0.0174,1.7403,,0.000300,,
0.01742,0.01742,,0.01742,1.7423,,0.000300,,
0.01744,0.01744,,0.01744,1.7443,,0.000300,,
0.01746,0.01746,,0.01746,1.7463,,0.000300,,
0.01748,0.01748,,0.01748,1.7483,,0.000300,,
0.0175,0.0175,,0.0175,1.7503,,0.000300,,
0.01752,0.01752,,0.01752,1.7523,,0.000300,,
0.01754,0.01754,,0.01754,1.7543,,0.000300,,
0.01756,0.01756,,0.01756,1.7563,,0.000300,,
0.01758,0.01758,,0.01758,1.7583,,0.000300,,
0.0176,0.0176,,0.0176,1.7603,,0.000300,,
0.01762,0.01762,,0.01762,1.76229,,0.000290,,
0.01764,0.01764,,0.01764,1.76429,,0.000290,,
0.01766,0.01766,,0.01766,1.76629,,0.000290,,
0.01768,0.01768,,0.01768,1.76829,,0.000290,,
0.0177,0.0177,,0.0177,1.77029,,0.000290,,
0.01772,0.01772,,0.01772,1.77229,,0.000290,,
0.01774,0.01774,,0.01774,1.77429,,0.000290,,
0.01776,0.01776,,0.01776,1.77629,,0.000290,,
0.01778,0.01778,,0.01778,1.77829,,0.000290,,
0.0178,0.0178,,0.0178,1.78029,,0.000290,,
0.01782,0.01782,,0.01782,1.78229,,0.000290,,
0.01784,0.01784,,0.01784,1.78429,,0.000290,,
0.01786,0.01786,,0.01786,1.78629,,0.000290,,
0.01788,0.01788,,0.01788,1.78829,,0.000290,,
0.0179,0.0179,,0.0179,1.79029,,0.000290,,
0.01792,0.01792,,0.01792,1.79229,,0.000290,,
0.01794,0.01794,,0.01794,1.79429,,0.000290,,
0.01796,0.01796,,0.01796,1.79629,,0.000290,,
0.01798,0.01798,,0.01798,1.79829,,0.000290,,
0.018,0.018,,0.018,1.80029,,0.000290,,
0.01802,0.01802,,0.01802,1.80229,,0.000290,,
0.01804,0.01804,,0.01804,1.80429,,0.000290,,
0.01806,0.01806,,0.01806,1.80629,,0.000290,,
0.01808,0.01808,,0.01808,1.80829,,0.000290,,
0.0181,0.0181,,0.0181,1.81029,,0.000290,,
0.01812,0.01812,,0.01812,1.81229,,0.000290,,
0.01814,0.01814,,0.01814,1.81429,,0.000290,,
0.01816,0.01816,,0.01816,1.81629,,0.000290,,
0.01818,0.01818,,0.01818,1.81829,,0.000290,,
0.0182,0.0182,,0.0182,1.82029,,0.000290,,
0.01822,0.01822,,0.01822,1.82229,,0.000290,,
0.01824,0.01824,,0.01824,1.82429,,0.000290,,
0.01826,0.01826,,0.01826,1.82629,,0.000290,,
0.01828,0.01828,,0.01828,1.82829,,0.000290,,
0.0183,0.0183,,0.0183,1.83029,,0.000290,,
0.01832,0.01832,,0.01832,1.83229,,0.000290,,
0.01834,0.01834,,0.01834,1.83429,,0.000290,,
0.01836,0.01836,,0.01836,1.83629,,0.000290,,
0.01838,0.01838,,0.01838,1.83829,,0.000290,,
0.0184,0.0184,,0.0184,1.84029,,0.000290,,
0.01842,0.01842,,0.01842,1.84229,,0.000290,,
0.01844,0.01844,,0.01844,1.84429,,0.000290,,
0.01846,0.01846,,0.01846,1.84629,,0.000290,,
0.01848,0.01848,,0.01848,1.84829,,0.000290,,
0.0185,0.0185,,0.0185,1.85029,,0.000290,,
0.01852,0.01852,,0.01852,1.85229,,0.000290,,
0.01854,0.01854,,0.01854,1.85429,,0.000290,,
0.01856,0.01856,,0.01856,1.85629,,0.000290,,
0.01858,0.01858,,0.01858,1.85829,,0.000290,,
0.0186,0.0186,,0.0186,1.86029,,0.000290,,
0.01862,0.01862,,0.01862,1.86229,,0.000290,,
0.01864,0.01864,,0.01864,1.86429,,0.000290,,
0.01866,0.01866,,0.01866,1.86629,,0.000290,,
0.01868,0.01868,,0.01868,1.86829,,0.000290,,
0.0187,0.0187,,0.0187,1.87029,,0.000290,,
0.01872,0.01872,,0.01872,1.87229,,0.000290,,
0.01874,0.01874,,0.01874,1.87429,,0.000290,,
0.01876,0.01876,,0.01876,1.87629,,0.000290,,
0.01878,0.01878,,0.01878,1.87829,,0.000290,,
0.0188,0.0188,,0.0188,1.88029,,0.000290,,
0.01882,0.01882,,0.01882,1.88229,,0.000290,,
0.01884,0.01884,,0.01884,1.88429,,0.000290,,
0.01886,0.01886,,0.01886,1.88629,,0.000290,,
0.01888,0.01888,,0.01888,1.88829,,0.000290,,
0.0189,0.0189,,0.0189,1.89029,,0.000290,,
0.01892,0.01892,,0.01892,1.89229,,0.000290,,
0.01894,0.01894,,0.01894,1.89429,,0.000290,,
0.01896,0.01896,,0.01896,1.89629,,0.000290,,
0.01898,0.01898,,0.01898,1.89829,,0.000290,,
0.019,0.019,,0.019,1.90029,,0.000290,,
0.01902,0.01902,,0.01902,1.90229,,0.000290,,
0.01904,0.01904,,0.01904,1.90429,,0.000290,,
0.01906,0.01906,,0.01906,1.90629,,0.000290,,
0.01908,0.01908,,0.01908,1.90829,,0.000290,,
0.0191,0.0191,,0.0191,1.91029,,0.000290,,
0.01912,0.01912,,0.01912,1.91229,,0.000290,,
0.01914,0.01914,,0.01914,1.91429,,0.000290,,
0.01916,0.01916,,0.01916,1.91629,,0.000290,,
0.01918,0.01918,,0.01918,1.91829,,0.000290,,
0.0192,0.0192,,0.0192,1.92029,,0.000290,,
0.01922,0.01922,,0.01922,1.92229,,0.000290,,
0.01924,0.01924,,0.01924,1.92429,,0.000290,,
0.01926,0.01926,,0.01926,1.92629,,0.000290,,
0.01928,0.01928,,0.01928,1.92829,,0.000290,,
0.0193,0.0193,,0.0193,1.93029,,0.000290,,
0.01932,0.01932,,0.01932,1.93229,,0.000290,,
0.01934,0.01934,,0.01934,1.93429,,0.000290,,
0.01936,0.01936,,0.01936,1.93629,,0.000290,,
0.01938,0.01938,,0.01938,1.93829,,0.000290,,
0.0194,0.0194,,0.0194,1.94029,,0.000290,,
0.01942,0.01942,,0.01942,1.94229,,0.000290,,
0.01944,0.01944,,0.01944,1.94429,,0.000290,,
0.01946,0.01946,,0.01946,1.94629,,0.000290,,
0.01948,0.01948,,0.01948,1.94829,,0.000290,,
0.0195,0.0195,,0.0195,1.95029,,0.000290,,
0.01952,0.01952,,0.01952,1.95229,,0.000290,,
0.01954,0.01954,,0.01954,1.95429,,0.000290,,
0.01956,0.01956,,0.01956,1.95629,,0.000290,,
0.01958,0.01958,,0.01958,1.95829,,0.000290,,
0.0196,0.0196,,0.0196,1.96029,,0.000290,,
0.01962,0.01962,,0.01962,1.96229,,0.000290,,
0.01964,0.01964,,0.01964,1.96429,,0.000290,,
0.01966,0.01966,,0.01966,1.96629,,0.000290,,
0.01968,0.01968,,0.01968,1.96829,,0.000290,,
0.0197,0.0197,,0.0197,1.97029,,0.000290,,
0.01972,0.01972,,0.01972,1.97229,,0.000290,,
0.01974,0.01974,,0.01974,1.97429,,0.000290,,
0.01976,0.01976,,0.01976,1.97629,,0.000290,,
0.01978,0.01978,,0.01978,1.97829,,0.000290,,
0.0198,0.0198,,0.0198,1.98029,,0.000290,,
0.01982,0.01982,,0.01982,1.98229,,0.000290,,
0.01984,0.01984,,0.01984,1.98429,,0.000290,,
0.01986,0.01986,,0.01986,1.98629,,0.000290,,
0.01988,0.01988,,0.01988,1.98829,,0.000290,,
0.0199,0.0199,,0.0199,1.99029,,0.000290,,
0.01992,0.01992,,0.01992,1.99229,,0.000290,,
0.01994,0.01994,,0.01994,1.99429,,0.000290,,
0.01996,0.01996,,0.01996,1.99629,,0.000290,,
0.01998,0.01998,,0.01998,1.99829,,0.000290,,
0.02,0.02,,0.02,2.00029,,0.000290,,
0.02002,0.02002,,0.02002,2.00229,,0.000290,,
0.02004,0.02004,,0.02004,2.00429,,0.000290,,
0.02006,0.02006,,0.02006,2.00629,,0.000290,,
0.02008,0.02008,,0.02008,2.00829,,0.000290,,
0.0201,0.0201,,0.0201,2.01029,,0.000290,,
0.02012,0.02012,,0.02012,2.01229,,0.000290,,
0.02014,0.02014,,0.02014,2.01429,,0.000290,,
0.02016,0.02016,,0.02016,2.01629,,0.000290,,
0.02018,0.02018,,0.02018,2.01829,,0.000290,,
0.0202,0.0202,,0.0202,2.02029,,0.000290,,
0.02022,0.02022,,0.02022,2.02229,,0.000290,,
0.02024,0.02024,,0.02024,2.02429,,0.000290,,
0.02026,0.02026,,0.02026,2.02629,,0.000290,,
0.02028,0.02028,,0.02028,2.02829,,0.000290,,
0.0203,0.0203,,0.0203,2.03029,,0.000290,,
0.02032,0.02032,,0.02032,2.03229,,0.000290,,
0.02034,0.02034,,0.02034,2.03429,,0.000290,,
0.02036,0.02036,,0.02036,2.03629,,0.000290,,
0.02038,0.02038,,0.02038,2.03829,,0.000290,,
0.0204,0.0204,,0.0204,2.04029,,0.000290,,
0.02042,0.02042,,0.02042,2.04229,,0.000290,,
0.02044,0.02044,,0.02044,2.04429,,0.000290,,
0.02046,0.02046,,0.02046,2.04629,,0.000290,,
0.02048,0.02048,,0.02048,2.04829,,0.000290,,
0.0205,0.0205,,0.0205,2.05029,,0.000290,,
0.02052,0.02052,,0.02052,2.05229,,0.000290,,
0.02054,0.02054,,0.02054,2.05429,,0.000290,,
0.02056,0.02056,,0.02056,2.05629,,0.000290,,
0.02058,0.02058,,0.02058,2.05829,,0.000290,,
0.0206,0.0206,,0.0206,2.06029,,0.000290,,
0.02062,0.02062,,0.02062,2.06229,,0.000290,,
0.02064,0.02064,,0.02064,2.06429,,0.000290,,
0.02066,0.02066,,0.02066,2.06629,,0.000290,,
0.02068,0.02068,,0.02068,2.06829,,0.000290,,
0.0207,0.0207,,0.0207,2.07029,,0.000290,,
0.02072,0.02072,,0.02072,2.07229,,0.000290,,
0.02074,0.02074,,0.02074,2.07429,,0.000290,,
0.02076,0.02076,,0.02076,2.07629,,0.000290,,
0.02078,0.02078,,0.02078,2.07829,,0.000290,,
0.0208,0.0208,,0.0208,2.08029,,0.000290,,
0.02082,0.02082,,0.02082,2.08229,,0.000290,,
0.02084,0.02084,,0.02084,2.08429,,0.000290,,
0.02086,0.02086,,0.02086,2.08629,,0.000290,,
0.02088,0.02088,,0.02088,2.08829,,0.000290,,
0.0209,0.0209,,0.0209,2.09029,,0.000290,,
0.02092,0.02092,,0.02092,2.09229,,0.000290,,
0.02094,0.02094,,0.02094,2.09429,,0.000290,,
0.02096,0.02096,,0.02096,2.09629,,0.000290,,
0.02098,0.02098,,0.02098,2.09829,,0.000290,,
0.021,0.021,,0.021,2.10029,,0.000290,,
0.02102,0.02102,,0.02102,2.10229,,0.000290,,
0.02104,0.02104,,0.02104,2.10429,,0.000290,,
0.02106,0.02106,,0.02106,2.10629,,0.000290,,
0.02108,0.02108,,0.02108,2.10829,,0.000290,,
0.0211,0.0211,,0.0211,2.11029,,0.000290,,
0.02112,0.02112,,0.02112,2.11228,,0.000280,,
0.02114,0.02114,,0.02114,2.11428,,0.000280,,
0.02116,0.02116,,0.02116,2.11628,,0.000280,,
0.02118,0.02118,,0.02118,2.11828,,0.000280,,
0.0212,0.0212,,0.0212,2.12028,,0.000280,,
0.02122,0.02122,,0.02122,2.12228,,0.000280,,
0.02124,0.02124,,0.02124,2.12428,,0.000280,,
0.02126,0.02126,,0.02126,2.12628,,0.000280,,
0.02128,0.02128,,0.02128,2.12828,,0.000280,,
0.0213,0.0213,,0.0213,2.13028,,0.000280,,
0.02132,0.02132,,0.02132,2.13228,,0.000280,,
0.02134,0.02134,,0.02134,2.13428,,0.000280,,
0.02136,0.02136,,0.02136,2.13628,,0.000280,,
0.02138,0.02138,,0.02138,2.13828,,0.000280,,
0.0214,0.0214,,0.0214,2.14028,,0.000280,,
0.02142,0.02142,,0.02142,2.14228,,0.000280,,
0.02144,0.02144,,0.02144,2.14428,,0.000280,,
0.02146,0.02146,,0.02146,2.14628,,0.000280,,
0.02148,0.02148,,0.02148,2.14828,,0.000280,,
0.0215,0.0215,,0.0215,2.15028,,0.000280,,
0.02152,0.02152,,0.02152,2.15228,,0.000280,,
0.02154,0.02154,,0.02154,2.15428,,0.000280,,
0.02156,0.02156,,0.02156,2.15628,,0.000280,,
0.02158,0.02158,,0.02158,2.15828,,0.000280,,
0.0216,0.0216,,0.0216,2.16028,,0.000280,,
0.02162,0.02162,,0.02162,2.16228,,0.000280,,
0.02164,0.02164,,0.02164,2.16428,,0.000280,,
0.02166,0.02166,,0.02166,2.16628,,0.000280,,
0.02168,0.02168,,0.02168,2.16828,,0.000280,,
0.0217,0.0217,,0.0217,2.17028,,0.000280,,
0.02172,0.02172,,0.02172,2.17228,,0.000280,,
0.02174,0.02174,,0.02174,2.17428,,0.000280,,
0.02176,0.02176,,0.02176,2.17628,,0.000280,,
0.02178,0.02178,,0.02178,2.17828,,0.000280,,
0.0218,0.0218,,0.0218,2.18028,,0.000280,,
0.02182,0.02182,,0.02182,2.18228,,0.000280,,
0.02184,0.02184,,0.02184,2.18428,,0.000280,,
0.02186,0.02186,,0.02186,2.18628,,0.000280,,
0.02188,0.02188,,0.02188,2.18828,,0.000280,,
0.0219,0.0219,,0.0219,2.19028,,0.000280,,
0.02192,0.02192,,0.02192,2.19228,,0.000280,,
0.02194,0.02194,,0.02194,2.19428,,0.000280,,
0.02196,0.02196,,0.02196,2.19628,,0.000280,,
0.02198,0.02198,,0.02198,2.19828,,0.000280,,
0.022,0.022,,0.022,2.20028,,0.000280,,
0.02202,0.02202,,0.02202,2.20228,,0.000280,,
0.02204,0.02204,,0.02204,2.20428,,0.000280,,
0.02206,0.02206,,0.02206,2.20628,,0.000280,,
0.02208,0.02208,,0.02208,2.20828,,0.000280,,
0.0221,0.0221,,0.0221,2.21028,,0.000280,,
0.02212,0.02212,,0.02212,2.21228,,0.000280,,
0.02214,0.02214,,0.02214,2.21428,,0.000280,,
0.02216,0.02216,,0.02216,2.21628,,0.000280,,
0.02218,0.02218,,0.02218,2.21828,,0.000280,,
0.0222,0.0222,,0.0222,2.22028,,0.000280,,
0.02222,0.02222,,0.02222,2.22228,,0.000280,,
0.02224,0.02224,,0.02224,2.22428,,0.000280,,
0.02226,0.02226,,0.02226,2.22628,,0.000280,,
0.02228,0.02228,,0.02228,2.22828,,0.000280,,
0.0223,0.0223,,0.0223,2.23028,,0.000280,,
0.02232,0.02232,,0.02232,2.23228,,0.000280,,
0.02234,0.02234,,0.02234,2.23428,,0.000280,,
0.02236,0.02236,,0.02236,2.23628,,0.000280,,
0.02238,0.02238,,0.02238,2.23828,,0.000280,,
0.0224,0.0224,,0.0224,2.24028,,0.000280,,
0.02242,0.02242,,0.02242,2.24228,,0.000280,,
0.02244,0.02244,,0.02244,2.24428,,0.000280,,
0.02246,0.02246,,0.02246,2.24628,,0.000280,,
0.02248,0.02248,,0.02248,2.24828,,0.000280,,
0.0225,0.0225,,0.0225,2.25028,,0.000280,,
0.02252,0.02252,,0.02252,2.25228,,0.000280,,
0.02254,0.02254,,0.02254,2.25428,,0.000280,,
0.02256,0.02256,,0.02256,2.25628,,0.000280,,
0.02258,0.02258,,0.02258,2.25828,,0.000280,,
0.0226,0.0226,,0.0226,2.26028,,0.000280,,
0.02262,0.02262,,0.02262,2.26228,,0.000280,,
0.02264,0.02264,,0.02264,2.26428,,0.000280,,
0.02266,0.02266,,0.02266,2.26628,,0.000280,,
0.02268,0.02268,,0.02268,2.26828,,0.000280,,
0.0227,0.0227,,0.0227,2.27028,,0.000280,,
0.02272,0.02272,,0.02272,2.27228,,0.000280,,
0.02274,0.02274,,0.02274,2.27428,,0.000280,,
0.02276,0.02276,,0.02276,2.27628,,0.000280,,
0.02278,0.02278,,0.02278,2.27828,,0.000280,,
0.0228,0.0228,,0.0228,2.28028,,0.000280,,
0.02282,0.02282,,0.02282,2.28228,,0.000280,,
0.02284,0.02284,,0.02284,2.28428,,0.000280,,
0.02286,0.02286,,0.02286,2.28628,,0.000280,,
0.02288,0.02288,,0.02288,2.28828,,0.000280,,
0.0229,0.0229,,0.0229,2.29028,,0.000280,,
0.02292,0.02292,,0.02292,2.29228,,0.000280,,
0.02294,0.02294,,0.02294,2.29428,,0.000280,,
0.02296,0.02296,,0.02296,2.29628,,0.000280,,
0.02298,0.02298,,0.02298,2.29828,,0.000280,,
0.023,0.023,,0.023,2.30028,,0.000280,,
0.02302,0.02302,,0.02302,2.30228,,0.000280,,
0.02304,0.02304,,0.02304,2.30428,,0.000280,,
0.02306,0.02306,,0.02306,2.30628,,0.000280,,
0.02308,0.02308,,0.02308,2.30828,,0.000280,,
0.0231,0.0231,,0.0231,2.31028,,0.000280,,
0.02312,0.02312,,0.02312,2.31228,,0.000280,,
0.02314,0.02314,,0.02314,2.31428,,0.000280,,
0.02316,0.02316,,0.02316,2.31628,,0.000280,,
0.02318,0.02318,,0.02318,2.31828,,0.000280,,
0.0232,0.0232,,0.0232,2.32028,,0.000280,,
0.02322,0.02322,,0.02322,2.32228,,0.000280,,
0.02324,0.02324,,0.02324,2.32428,,0.000280,,
0.02326,0.02326,,0.02326,2.32628,,0.000280,,
0.02328,0.02328,,0.02328,2.32828,,0.000280,,
0.0233,0.0233,,0.0233,2.33028,,0.000280,,
0.02332,0.02332,,0.02332,2.33228,,0.000280,,
0.02334,0.02334,,0.02334,2.33428,,0.000280,,
0.02336,0.02336,,0.02336,2.33628,,0.000280,,
0.02338,0.02338,,0.02338,2.33828,,0.000280,,
0.0234,0.0234,,0.0234,2.34028,,0.000280,,
0.02342,0.02342,,0.02342,2.34228,,0.000280,,
0.02344,0.02344,,0.02344,2.34428,,0.000280,,
0.02346,0.02346,,0.02346,2.34628,,0.000280,,
0.02348,0.02348,,0.02348,2.34828,,0.000280,,
0.0235,0.0235,,0.0235,2.35028,,0.000280,,
0.02352,0.02352,,0.02352,2.35228,,0.000280,,
0.02354,0.02354,,0.02354,2.35428,,0.000280,,
0.02356,0.02356,,0.02356,2.35628,,0.000280,,
0.02358,0.02358,,0.02358,2.35828,,0.000280,,
0.0236,0.0236,,0.0236,2.36028,,0.000280,,
0.02362,0.02362,,0.02362,2.36228,,0.000280,,
0.02364,0.02364,,0.02364,2.36428,,0.000280,,
0.02366,0.02366,,0.02366,2.36628,,0.000280,,
0.02368,0.02368,,0.02368,2.36828,,0.000280,,
0.0237,0.0237,,0.0237,2.37028,,0.000280,,
0.02372,0.02372,,0.02372,2.37228,,0.000280,,
0.02374,0.02374,,0.02374,2.37428,,0.000280,,
0.02376,0.02376,,0.02376,2.37628,,0.000280,,
0.02378,0.02378,,0.02378,2.37828,,0.000280,,
0.0238,0.0238,,0.0238,2.38028,,0.000280,,
0.02382,0.02382,,0.02382,2.38228,,0.000280,,
0.02384,0.02384,,0.02384,2.38428,,0.000280,,
0.02386,0.02386,,0.02386,2.38628,,0.000280,,
0.02388,0.02388,,0.02388,2.38828,,0.000280,,
0.0239,0.0239,,0.0239,2.39028,,0.000280,,
0.02392,0.02392,,0.02392,2.39228,,0.000280,,
0.02394,0.02394,,0.02394,2.39428,,0.000280,,
0.02396,0.02396,,0.02396,2.39628,,0.000280,,
0.02398,0.02398,,0.02398,2.39828,,0.000280,,
0.024,0.024,,0.024,2.40028,,0.000280,,
0.02402,0.02402,,0.02402,2.40228,,0.000280,,
0.02404,0.02404,,0.02404,2.40428,,0.000280,,
0.02406,0.02406,,0.02406,2.40628,,0.000280,,
0.02408,0.02408,,0.02408,2.40828,,0.000280,,
0.0241,0.0241,,0.0241,2.41028,,0.000280,,
0.02412,0.02412,,0.02412,2.41228,,0.000280,,
0.02414,0.02414,,0.02414,2.41428,,0.000280,,
0.02416,0.02416,,0.02416,2.41628,,0.000280,,
0.02418,0.02418,,0.02418,2.41828,,0.000280,,
0.0242,0.0242,,0.0242,2.42028,,0.000280,,
0.02422,0.02422,,0.02422,2.42228,,0.000280,,
0.02424,0.02424,,0.02424,2.42428,,0.000280,,
0.02426,0.02426,,0.02426,2.42628,,0.000280,,
0.02428,0.02428,,0.02428,2.42828,,0.000280,,
0.0243,0.0243,,0.0243,2.43028,,0.000280,,
0.02432,0.02432,,0.02432,2.43228,,0.000280,,
0.02434,0.02434,,0.02434,2.43428,,0.000280,,
0.02436,0.02436,,0.02436,2.43628,,0.000280,,
0.02438,0.02438,,0.02438,2.43828,,0.000280,,
0.0244,0.0244,,0.0244,2.44028,,0.000280,,
0.02442,0.02442,,0.02442,2.44228,,0.000280,,
0.02444,0.02444,,0.02444,2.44428,,0.000280,,
0.02446,0.02446,,0.02446,2.44628,,0.000280,,
0.02448,0.02448,,0.02448,2.44828,,0.000280,,
0.0245,0.0245,,0.0245,2.45028,,0.000280,,
0.02452,0.02452,,0.02452,2.45228,,0.000280,,
0.02454,0.02454,,0.02454,2.45428,,0.000280,,
0.02456,0.02456,,0.02456,2.45628,,0.000280,,
0.02458,0.02458,,0.02458,2.45828,,0.000280,,
0.0246,0.0246,,0.0246,2.46028,,0.000280,,
0.02462,0.02462,,0.02462,2.46227,,0.000270,,
0.02464,0.02464,,0.02464,2.46427,,0.000270,,
0.02466,0.02466,,0.02466,2.46627,,0.000270,,
0.02468,0.02468,,0.02468,2.46827,,0.000270,,
0.0247,0.0247,,0.0247,2.47027,,0.000270,,
0.02472,0.02472,,0.02472,2.47227,,0.000270,,
0.02474,0.02474,,0.02474,2.47427,,0.000270,,
0.02476,0.02476,,0.02476,2.47627,,0.000270,,
0.02478,0.02478,,0.02478,2.47827,,0.000270,,
0.0248,0.0248,,0.0248,2.48027,,0.000270,,
0.02482,0.02482,,0.02482,2.48227,,0.000270,,
0.02484,0.02484,,0.02484,2.48427,,0.000270,,
0.02486,0.02486,,0.02486,2.48627,,0.000270,,
0.02488,0.02488,,0.02488,2.48827,,0.000270,,
0.0249,0.0249,,0.0249,2.49027,,0.000270,,
0.02492,0.02492,,0.02492,2.49227,,0.000270,,
0.02494,0.02494,,0.02494,2.49427,,0.000270,,
0.02496,0.02496,,0.02496,2.49627,,0.000270,,
0.02498,0.02498,,0.02498,2.49827,,0.000270,,
0.025,0.025,,0.025,2.50027,,0.000270,,
0.02502,0.02502,,0.02502,2.50227,,0.000270,,
0.02504,0.02504,,0.02504,2.50427,,0.000270,,
0.02506,0.02506,,0.02506,2.50627,,0.000270,,
0.02508,0.02508,,0.02508,2.50827,,0.000270,,
0.0251,0.0251,,0.0251,2.51027,,0.000270,,
0.02512,0.02512,,0.02512,2.51227,,0.000270,,
0.02514,0.02514,,0.02514,2.51427,,0.000270,,
0.02516,0.02516,,0.02516,2.51627,,0.000270,,
0.02518,0.02518,,0.02518,2.51827,,0.000270,,
0.0252,0.0252,,0.0252,2.52027,,0.000270,,
0.02522,0.02522,,0.02522,2.52227,,0.000270,,
0.02524,0.02524,,0.02524,2.52427,,0.000270,,
0.02526,0.02526,,0.02526,2.52627,,0.000270,,
0.02528,0.02528,,0.02528,2.52827,,0.000270,,
0.0253,0.0253,,0.0253,2.53027,,0.000270,,
0.02532,0.02532,,0.02532,2.53227,,0.000270,,
0.02534,0.02534,,0.02534,2.53427,,0.000270,,
0.02536,0.02536,,0.02536,2.53627,,0.000270,,
0.02538,0.02538,,0.02538,2.53827,,0.000270,,
0.0254,0.0254,,0.0254,2.54027,,0.000270,,
0.02542,0.02542,,0.02542,2.54227,,0.000270,,
0.02544,0.02544,,0.02544,2.54427,,0.000270,,
0.02546,0.02546,,0.02546,2.54627,,0.000270,,
0.02548,0.02548,,0.02548,2.54827,,0.000270,,
0.0255,0.0255,,0.0255,2.55027,,0.000270,,
0.02552,0.02552,,0.02552,2.55227,,0.000270,,
0.02554,0.02554,,0.02554,2.55427,,0.000270,,
0.02556,0.02556,,0.02556,2.55627,,0.000270,,
0.02558,0.02558,,0.02558,2.55827,,0.000270,,
0.0256,0.0256,,0.0256,2.56027,,0.000270,,
0.02562,0.02562,,0.02562,2.56227,,0.000270,,
0.02564,0.02564,,0.02564,2.56427,,0.000270,,
0.02566,0.02566,,0.02566,2.56627,,0.000270,,
0.02568,0.02568,,0.02568,2.56827,,0.000270,,
0.0257,0.0257,,0.0257,2.57027,,0.000270,,
0.02572,0.02572,,0.02572,2.57227,,0.000270,,
0.02574,0.02574,,0.02574,2.57427,,0.000270,,
0.02576,0.02576,,0.02576,2.57627,,0.000270,,
0.02578,0.02578,,0.02578,2.57827,,0.000270,,
0.0258,0.0258,,0.0258,2.58027,,0.000270,,
0.02582,0.02582,,0.02582,2.58227,,0.000270,,
0.02584,0.02584,,0.02584,2.58427,,0.000270,,
0.02586,0.02586,,0.02586,2.58627,,0.000270,,
0.02588,0.02588,,0.02588,2.58827,,0.000270,,
0.0259,0.0259,,0.0259,2.59027,,0.000270,,
0.02592,0.02592,,0.02592,2.59227,,0.000270,,
0.02594,0.02594,,0.02594,2.59427,,0.000270,,
0.02596,0.02596,,0.02596,2.59627,,0.000270,,
0.02598,0.02598,,0.02598,2.59827,,0.000270,,
0.026,0.026,,0.026,2.60027,,0.000270,,
0.02602,0.02602,,0.02602,2.60227,,0.000270,,
0.02604,0.02604,,0.02604,2.60427,,0.000270,,
0.02606,0.02606,,0.02606,2.60627,,0.000270,,
0.02608,0.02608,,0.02608,2.60827,,0.000270,,
0.0261,0.0261,,0.0261,2.61027,,0.000270,,
0.02612,0.02612,,0.02612,2.61227,,0.000270,,
0.02614,0.02614,,0.02614,2.61427,,0.000270,,
0.02616,0.02616,,0.02616,2.61627,,0.000270,,
0.02618,0.02618,,0.02618,2.61827,,0.000270,,
0.0262,0.0262,,0.0262,2.62027,,0.000270,,
0.02622,0.02622,,0.02622,2.62227,,0.000270,,
0.02624,0.02624,,0.02624,2.62427,,0.000270,,
0.02626,0.02626,,0.02626,2.62627,,0.000270,,
0.02628,0.02628,,0.02628,2.62827,,0.000270,,
0.0263,0.0263,,0.0263,2.63027,,0.000270,,
0.02632,0.02632,,0.02632,2.63227,,0.000270,,
0.02634,0.02634,,0.02634,2.63427,,0.000270,,
0.02636,0.02636,,0.02636,2.63627,,0.000270,,
0.02638,0.02638,,0.02638,2.63827,,0.000270,,
0.0264,0.0264,,0.0264,2.64027,,0.000270,,
0.02642,0.02642,,0.02642,2.64227,,0.000270,,
0.02644,0.02644,,0.02644,2.64427,,0.000270,,
0.02646,0.02646,,0.02646,2.64627,,0.000270,,
0.02648,0.02648,,0.02648,2.64827,,0.000270,,
0.0265,0.0265,,0.0265,2.65027,,0.000270,,
0.02652,0.02652,,0.02652,2.65227,,0.000270,,
0.02654,0.02654,,0.02654,2.65427,,0.000270,,
0.02656,0.02656,,0.02656,2.65627,,0.000270,,
0.02658,0.02658,,0.02658,2.65827,,0.000270,,
0.0266,0.0266,,0.0266,2.66027,,0.000270,,
0.02662,0.02662,,0.02662,2.66227,,0.000270,,
0.02664,0.02664,,0.02664,2.66427,,0.000270,,
0.02666,0.02666,,0.02666,2.66627,,0.000270,,
0.02668,0.02668,,0.02668,2.66827,,0.000270,,
0.0267,0.0267,,0.0267,2.67027,,0.000270,,
0.02672,0.02672,,0.02672,2.67227,,0.000270,,
0.02674,0.02674,,0.02674,2.67427,,0.000270,,
0.02676,0.02676,,0.02676,2.67627,,0.000270,,
0.02678,0.02678,,0.02678,2.67827,,0.000270,,
0.0268,0.0268,,0.0268,2.68027,,0.000270,,
0.02682,0.02682,,0.02682,2.68227,,0.000270,,
0.02684,0.02684,,0.02684,2.68427,,0.000270,,
0.02686,0.02686,,0.02686,2.68627,,0.000270,,
0.02688,0.02688,,0.02688,2.68827,,0.000270,,
0.0269,0.0269,,0.0269,2.69027,,0.000270,,
0.02692,0.02692,,0.02692,2.69227,,0.000270,,
0.02694,0.02694,,0.02694,2.69427,,0.000270,,
0.02696,0.02696,,0.02696,2.69627,,0.000270,,
0.02698,0.02698,,0.02698,2.69827,,0.000270,,
0.027,0.027,,0.027,2.70027,,0.000270,,
0.02702,0.02702,,0.02702,2.70227,,0.000270,,
0.02704,0.02704,,0.02704,2.70427,,0.000270,,
0.02706,0.02706,,0.02706,2.70627,,0.000270,,
0.02708,0.02708,,0.02708,2.70827,,0.000270,,
0.0271,0.0271,,0.0271,2.71027,,0.000270,,
0.02712,0.02712,,0.02712,2.71227,,0.000270,,
0.02714,0.02714,,0.02714,2.71427,,0.000270,,
0.02716,0.02716,,0.02716,2.71627,,0.000270,,
0.02718,0.02718,,0.02718,2.71827,,0.000270,,
0.0272,0.0272,,0.0272,2.72027,,0.000270,,
0.02722,0.02722,,0.02722,2.72227,,0.000270,,
0.02724,0.02724,,0.02724,2.72427,,0.000270,,
0.02726,0.02726,,0.02726,2.72627,,0.000270,,
0.02728,0.02728,,0.02728,2.72827,,0.000270,,
0.0273,0.0273,,0.0273,2.73027,,0.000270,,
0.02732,0.02732,,0.02732,2.73227,,0.000270,,
0.02734,0.02734,,0.02734,2.73427,,0.000270,,
0.02736,0.02736,,0.02736,2.73627,,0.000270,,
0.02738,0.02738,,0.02738,2.73827,,0.000270,,
0.0274,0.0274,,0.0274,2.74027,,0.000270,,
0.02742,0.02742,,0.02742,2.74227,,0.000270,,
0.02744,0.02744,,0.02744,2.74427,,0.000270,,
0.02746,0.02746,,0.02746,2.74627,,0.000270,,
0.02748,0.02748,,0.02748,2.74827,,0.000270,,
0.0275,0.0275,,0.0275,2.75027,,0.000270,,
0.02752,0.02752,,0.02752,2.75227,,0.000270,,
0.02754,0.02754,,0.02754,2.75427,,0.000270,,
0.02756,0.02756,,0.02756,2.75627,,0.000270,,
0.02758,0.02758,,0.02758,2.75827,,0.000270,,
0.0276,0.0276,,0.0276,2.76027,,0.000270,,
0.02762,0.02762,,0.02762,2.76227,,0.000270,,
0.02764,0.02764,,0.02764,2.76427,,0.000270,,
0.02766,0.02766,,0.02766,2.76627,,0.000270,,
0.02768,0.02768,,0.02768,2.76827,,0.000270,,
0.0277,0.0277,,0.0277,2.77027,,0.000270,,
0.02772,0.02772,,0.02772,2.77227,,0.000270,,
0.02774,0.02774,,0.02774,2.77427,,0.000270,,
0.02776,0.02776,,0.02776,2.77627,,0.000270,,
0.02778,0.02778,,0.02778,2.77827,,0.000270,,
0.0278,0.0278,,0.0278,2.78027,,0.000270,,
0.02782,0.02782,,0.02782,2.78227,,0.000270,,
0.02784,0.02784,,0.02784,2.78427,,0.000270,,
0.02786,0.02786,,0.02786,2.78627,,0.000270,,
0.02788,0.02788,,0.02788,2.78827,,0.000270,,
0.0279,0.0279,,0.0279,2.79027,,0.000270,,
0.02792,0.02792,,0.02792,2.79227,,0.000270,,
0.02794,0.02794,,0.02794,2.79427,,0.000270,,
0.02796,0.02796,,0.02796,2.79627,,0.000270,,
0.02798,0.02798,,0.02798,2.79827,,0.000270,,
0.028,0.028,,0.028,2.80027,,0.000270,,
0.02802,0.02802,,0.02802,2.80227,,0.000270,,
0.02804,0.02804,,0.02804,2.80427,,0.000270,,
0.02806,0.02806,,0.02806,2.80627,,0.000270,,
0.02808,0.02808,,0.02808,2.80827,,0.000270,,
0.0281,0.0281,,0.0281,2.81027,,0.000270,,
0.02812,0.02812,,0.02812,2.81226,,0.000260,,
0.02814,0.02814,,0.02814,2.81426,,0.000260,,
0.02816,0.02816,,0.02816,2.81626,,0.000260,,
0.02818,0.02818,,0.02818,2.81826,,0.000260,,
0.0282,0.0282,,0.0282,2.82026,,0.000260,,
0.02822,0.02822,,0.02822,2.82226,,0.000260,,
0.02824,0.02824,,0.02824,2.82426,,0.000260,,
0.02826,0.02826,,0.02826,2.82626,,0.000260,,
0.02828,0.02828,,0.02828,2.82826,,0.000260,,
0.0283,0.0283,,0.0283,2.83026,,0.000260,,
0.02832,0.02832,,0.02832,2.83226,,0.000260,,
0.02834,0.02834,,0.02834,2.83426,,0.000260,,
0.02836,0.02836,,0.02836,2.83626,,0.000260,,
0.02838,0.02838,,0.02838,2.83826,,0.000260,,
0.0284,0.0284,,0.0284,2.84026,,0.000260,,
0.02842,0.02842,,0.02842,2.84226,,0.000260,,
0.02844,0.02844,,0.02844,2.84426,,0.000260,,
0.02846,0.02846,,0.02846,2.84626,,0.000260,,
0.02848,0.02848,,0.02848,2.84826,,0.000260,,
0.0285,0.0285,,0.0285,2.85026,,0.000260,,
0.02852,0.02852,,0.02852,2.85226,,0.000260,,
0.02854,0.02854,,0.02854,2.85426,,0.000260,,
0.02856,0.02856,,0.02856,2.85626,,0.000260,,
0.02858,0.02858,,0.02858,2.85826,,0.000260,,
0.0286,0.0286,,0.0286,2.86026,,0.000260,,
0.02862,0.02862,,0.02862,2.86226,,0.000260,,
0.02864,0.02864,,0.02864,2.86426,,0.000260,,
0.02866,0.02866,,0.02866,2.86626,,0.000260,,
0.02868,0.02868,,0.02868,2.86826,,0.000260,,
0.0287,0.0287,,0.0287,2.87026,,0.000260,,
0.02872,0.02872,,0.02872,2.87226,,0.000260,,
0.02874,0.02874,,0.02874,2.87426,,0.000260,,
0.02876,0.02876,,0.02876,2.87626,,0.000260,,
0.02878,0.02878,,0.02878,2.87826,,0.000260,,
0.0288,0.0288,,0.0288,2.88026,,0.000260,,
0.02882,0.02882,,0.02882,2.88226,,0.000260,,
0.02884,0.02884,,0.02884,2.88426,,0.000260,,
0.02886,0.02886,,0.02886,2.88626,,0.000260,,
0.02888,0.02888,,0.02888,2.88826,,0.000260,,
0.0289,0.0289,,0.0289,2.89026,,0.000260,,
0.02892,0.02892,,0.02892,2.89226,,0.000260,,
0.02894,0.02894,,0.02894,2.89426,,0.000260,,
0.02896,0.02896,,0.02896,2.89626,,0.000260,,
0.02898,0.02898,,0.02898,2.89826,,0.000260,,
0.029,0.029,,0.029,2.90026,,0.000260,,
0.02902,0.02902,,0.02902,2.90226,,0.000260,,
0.02904,0.02904,,0.02904,2.90426,,0.000260,,
0.02906,0.02906,,0.02906,2.90626,,0.000260,,
0.02908,0.02908,,0.02908,2.90826,,0.000260,,
0.0291,0.0291,,0.0291,2.91026,,0.000260,,
0.02912,0.02912,,0.02912,2.91226,,0.000260,,
0.02914,0.02914,,0.02914,2.91426,,0.000260,,
0.02916,0.02916,,0.02916,2.91626,,0.000260,,
0.02918,0.02918,,0.02918,2.91826,,0.000260,,
0.0292,0.0292,,0.0292,2.92026,,0.000260,,
0.02922,0.02922,,0.02922,2.92226,,0.000260,,
0.02924,0.02924,,0.02924,2.92426,,0.000260,,
0.02926,0.02926,,0.02926,2.92626,,0.000260,,
0.02928,0.02928,,0.02928,2.92826,,0.000260,,
0.0293,0.0293,,0.0293,2.93026,,0.000260,,
0.02932,0.02932,,0.02932,2.93226,,0.000260,,
0.02934,0.02934,,0.02934,2.93426,,0.000260,,
0.02936,0.02936,,0.02936,2.93626,,0.000260,,
0.02938,0.02938,,0.02938,2.93826,,0.000260,,
0.0294,0.0294,,0.0294,2.94026,,0.000260,,
0.02942,0.02942,,0.02942,2.94226,,0.000260,,
0.02944,0.02944,,0.02944,2.94426,,0.000260,,
0.02946,0.02946,,0.02946,2.94626,,0.000260,,
0.02948,0.02948,,0.02948,2.94826,,0.000260,,
0.0295,0.0295,,0.0295,2.95026,,0.000260,,
0.02952,0.02952,,0.02952,2.95226,,0.000260,,
0.02954,0.02954,,0.02954,2.95426,,0.000260,,
0.02956,0.02956,,0.02956,2.95626,,0.000260,,
0.02958,0.02958,,0.02958,2.95826,,0.000260,,
0.0296,0.0296,,0.0296,2.96026,,0.000260,,
0.02962,0.02962,,0.02962,2.96226,,0.000260,,
0.02964,0.02964,,0.02964,2.96426,,0.000260,,
0.02966,0.02966,,0.02966,2.96626,,0.000260,,
0.02968,0.02968,,0.02968,2.96826,,0.000260,,
0.0297,0.0297,,0.0297,2.97026,,0.000260,,
0.02972,0.02972,,0.02972,2.97226,,0.000260,,
0.02974,0.02974,,0.02974,2.97426,,0.000260,,
0.02976,0.02976,,0.02976,2.97626,,0.000260,,
0.02978,0.02978,,0.02978,2.97826,,0.000260,,
0.0298,0.0298,,0.0298,2.98026,,0.000260,,
0.02982,0.02982,,0.02982,2.98226,,0.000260,,
0.02984,0.02984,,0.02984,2.98426,,0.000260,,
0.02986,0.02986,,0.02986,2.98626,,0.000260,,
0.02988,0.02988,,0.02988,2.98826,,0.000260,,
0.0299,0.0299,,0.0299,2.99026,,0.000260,,
0.02992,0.02992,,0.02992,2.99226,,0.000260,,
0.02994,0.02994,,0.02994,2.99426,,0.000260,,
0.02996,0.02996,,0.02996,2.99626,,0.000260,,
0.02998,0.02998,,0.02998,2.99826,,0.000260,,
0.03,0.03,,0.03,3.00026,,0.000260,,
